{
  "scene_token": "e233467e827140efa4b42d2b4c435855",
  "scene_name": "scene-1100",
  "sample_token": "a480496a5988410fbe3d8ed6c84da996",
  "timestamp": 1542800987947699,
  "ego_translation": [
    1321.390767646126,
    903.7547711424545,
    0.0
  ],
  "ego_rotation": [
    0.28420771619881524,
    0.02224766942891785,
    0.012069468808417267,
    -0.9584285801147198
  ],
  "ego_speed_ms": 0.0,
  "description": "Night, peds in sidewalk, peds cross crosswalk, scooter, PMD, difficult lighting",
  "radar": {
    "total_radar_points": 229,
    "detections_with_radar": 12,
    "detections_total": 22,
    "match_radius_m": 2.0,
    "sensors_used": [
      "RADAR_FRONT",
      "RADAR_FRONT_LEFT",
      "RADAR_FRONT_RIGHT",
      "RADAR_BACK_LEFT",
      "RADAR_BACK_RIGHT"
    ]
  }
}